"id","name","category","latitude","longitude","created_at","updated_at"
"e7dbfa84-33cd-4c2a-b214-8fb9a8cbff0e","pitch","Fasilitas Olahraga",-7.4477749,112.7059453,"2026-07-30 15:22:03.477073","2026-07-30 15:22:03.477073"
"b00bb5c6-2a9c-44a6-8a8b-228830c50600","Gelora Delta Sidoarjo","Fasilitas Olahraga",-7.4477604,112.7058115,"2026-07-30 15:22:03.477073","2026-07-30 15:22:03.477073"
"efeda61b-5e1b-463a-b914-3665692dbc82","pitch","Fasilitas Olahraga",-7.4178536,112.6748768,"2026-07-30 15:22:03.477073","2026-07-30 15:22:03.477073"
"189afec7-b4c1-4046-ab2b-d82ba71320da","Lapangan Ngelom","Fasilitas Olahraga",-7.3480555,112.6894471,"2026-07-30 15:22:03.477073","2026-07-30 15:22:03.477073"
"20e003bc-c509-4e79-a228-0bff406daa4e","pitch","Fasilitas Olahraga",-7.4000428,112.6733935,"2026-07-30 15:22:03.477073","2026-07-30 15:22:03.477073"
"a968f647-e7b4-4da2-8957-74417184c0f8","pitch","Fasilitas Olahraga",-7.3400602,112.714538,"2026-07-30 15:22:03.477073","2026-07-30 15:22:03.477073"
"1fb6da2d-6c9c-49b4-9298-87e4a6ac6b42","pitch","Fasilitas Olahraga",-7.3429766,112.7160165,"2026-07-30 15:22:03.477073","2026-07-30 15:22:03.477073"
"5bfa45b0-cbbf-4386-8a0e-3eac77959c40","pitch","Fasilitas Olahraga",-7.3428384,112.7160468,"2026-07-30 15:22:03.477073","2026-07-30 15:22:03.477073"
"ad716ecc-550d-4db0-a0a8-1a5e3059b7e5","pitch","Fasilitas Olahraga",-7.3875478,112.7416372,"2026-07-30 15:22:03.477073","2026-07-30 15:22:03.477073"
"ded49037-6789-4798-a785-a676493208ab","Stadion Jenggolo","Fasilitas Olahraga",-7.4366032,112.7218764,"2026-07-30 15:22:03.477073","2026-07-30 15:22:03.477073"
"2cf23a12-5fb9-4e1a-acb9-a9ce9ff96d00","pitch","Fasilitas Olahraga",-7.3989278,112.7338455,"2026-07-30 15:22:03.477073","2026-07-30 15:22:03.477073"
"bbadb48b-4548-46e9-915d-65f51dfa3574","pitch","Fasilitas Olahraga",-7.3991406,112.7344808,"2026-07-30 15:22:03.477073","2026-07-30 15:22:03.477073"
"a8cdb02e-3229-4cb5-b314-a46fd2c1de8a","pitch","Fasilitas Olahraga",-7.392327,112.7335228,"2026-07-30 15:22:03.477073","2026-07-30 15:22:03.477073"
"8b85788d-bdeb-4cbe-8205-8c7739982e12","pitch","Fasilitas Olahraga",-7.3923472,112.7333786,"2026-07-30 15:22:03.477073","2026-07-30 15:22:03.477073"
"22ade416-fb23-48fe-b1b9-f2b42daba839","Lapangan TPL 2","Fasilitas Olahraga",-7.3632139,112.7135734,"2026-07-30 15:22:03.477073","2026-07-30 15:22:03.477073"
"ff4e30b1-49ea-4f26-8379-97f2411e5865","Lapangan Jenggolo","Fasilitas Olahraga",-7.3887931,112.731594,"2026-07-30 15:22:03.477073","2026-07-30 15:22:03.477073"
"d697b25e-85b3-4a32-aa90-d9af5fba89d9","Lapangan Perseka Muda","Fasilitas Olahraga",-7.3496689,112.7535599,"2026-07-30 15:22:03.477073","2026-07-30 15:22:03.477073"
"1ca0d545-6890-4926-ae0e-99d69222d734","pitch","Fasilitas Olahraga",-7.4212008,112.5886995,"2026-07-30 15:22:03.477073","2026-07-30 15:22:03.477073"
"2a0b20d6-ba13-4371-9598-3a6ea8b80537","pitch","Fasilitas Olahraga",-7.4212497,112.5888566,"2026-07-30 15:22:03.477073","2026-07-30 15:22:03.477073"
"46fe8ba5-2eda-4ae8-abf3-5aa98e8659aa","pitch","Fasilitas Olahraga",-7.5385718,112.6877241,"2026-07-30 15:22:03.477073","2026-07-30 15:22:03.477073"
"72204942-6d73-4a26-a31f-75697dbfc32f","Lapangan Sumput","Fasilitas Olahraga",-7.4344716,112.6868949,"2026-07-30 15:22:03.477073","2026-07-30 15:22:03.477073"
"82b345a0-fd56-4c90-ab97-a03bc0e178f1","pitch","Fasilitas Olahraga",-7.3851821,112.7680673,"2026-07-30 15:22:03.477073","2026-07-30 15:22:03.477073"
"cf4b0ad6-e57a-4a65-800e-c256f518604e","pitch","Fasilitas Olahraga",-7.3858494,112.7686643,"2026-07-30 15:22:03.477073","2026-07-30 15:22:03.477073"
"7d1eac14-d223-4a33-baf1-bc10ccaed5cb","pitch","Fasilitas Olahraga",-7.3858638,112.7684999,"2026-07-30 15:22:03.477073","2026-07-30 15:22:03.477073"
"36a24fc0-b6d3-4e85-8f46-67b561c298bf","pitch","Fasilitas Olahraga",-7.3859459,112.7683342,"2026-07-30 15:22:03.477073","2026-07-30 15:22:03.477073"
"953fe134-834e-46af-b183-24fdf9ed69a7","pitch","Fasilitas Olahraga",-7.5423451,112.7363378,"2026-07-30 15:22:03.477073","2026-07-30 15:22:03.477073"
"22e5a9db-1b73-4fea-9651-85218c84a926","Lapangan Jumputrejo","Fasilitas Olahraga",-7.4103464,112.6972486,"2026-07-30 15:22:03.477073","2026-07-30 15:22:03.477073"
"10c8ef48-fab1-4f01-8d42-46b75335b1e3","Skate Park TPI","Fasilitas Olahraga",-7.4519693,112.7050718,"2026-07-30 15:22:03.477073","2026-07-30 15:22:03.477073"
"f78973a7-8eac-40d6-b4c0-9dcd2e158395","Lapangan Bola Sugihwaras","Fasilitas Olahraga",-7.4786166,112.7046323,"2026-07-30 15:22:03.477073","2026-07-30 15:22:03.477073"
"648373ca-8d30-483e-ae3d-2e28fb534583","pitch","Fasilitas Olahraga",-7.3536465,112.8087824,"2026-07-30 15:22:03.477073","2026-07-30 15:22:03.477073"
"0c0d5946-a528-49f8-8bff-f3dd82185a65","pitch","Fasilitas Olahraga",-7.3786678,112.7306042,"2026-07-30 15:22:03.477073","2026-07-30 15:22:03.477073"
"caf90f8e-97af-4657-a014-6b30a6d5827a","pitch","Fasilitas Olahraga",-7.3788381,112.7297808,"2026-07-30 15:22:03.477073","2026-07-30 15:22:03.477073"
"a06180f4-bd1b-4c58-9b7f-69078b0317d6","pitch","Fasilitas Olahraga",-7.3782901,112.7300229,"2026-07-30 15:22:03.477073","2026-07-30 15:22:03.477073"
"aec2f6ff-fbb8-4ce5-9377-cd85fdbeee31","pitch","Fasilitas Olahraga",-7.3782915,112.7298673,"2026-07-30 15:22:03.477073","2026-07-30 15:22:03.477073"
"40de194d-3a68-4d47-9a3d-0a301b35c421","pitch","Fasilitas Olahraga",-7.3475257,112.7190242,"2026-07-30 15:22:03.477073","2026-07-30 15:22:03.477073"
"358f0b26-29e0-41ca-80e8-9dc93a16ace4","Lapangan Bola Desa Sawocangkring","Fasilitas Olahraga",-7.4152304,112.6530427,"2026-07-30 15:22:03.477073","2026-07-30 15:22:03.477073"
"b2ff6877-204a-48f7-a016-62d26cc417e7","Lapangan Bola Dusun Lumbang","Fasilitas Olahraga",-7.4203744,112.6486615,"2026-07-30 15:22:03.477073","2026-07-30 15:22:03.477073"
"18169129-84e1-4b24-83b7-9dcef12e83c6","Lapangan Voli RT 17","Fasilitas Olahraga",-7.4220181,112.648841,"2026-07-30 15:22:03.477073","2026-07-30 15:22:03.477073"
"e3ee1712-f99f-4f92-8139-fc6a446efc55","Lapangan Bola Voli Dusun Sawo","Fasilitas Olahraga",-7.4171507,112.6494168,"2026-07-30 15:22:03.477073","2026-07-30 15:22:03.477073"
"5025de0e-fa49-4952-b18e-712396fad73a","pitch","Fasilitas Olahraga",-7.4526308,112.7395656,"2026-07-30 15:22:03.477073","2026-07-30 15:22:03.477073"
"422af3c8-fbe7-4202-8bbe-7c5f500ecdd8","pitch","Fasilitas Olahraga",-7.4746445,112.7219696,"2026-07-30 15:22:03.477073","2026-07-30 15:22:03.477073"
"27dbc55f-d680-4d40-8e84-4534b49be656","Tebel Soccer Field","Fasilitas Olahraga",-7.4053742,112.7323541,"2026-07-30 15:22:03.477073","2026-07-30 15:22:03.477073"
"57cf4dad-7ed1-4910-bed0-6c555440cf35","pitch","Fasilitas Olahraga",-7.3536735,112.808509,"2026-07-30 15:22:03.477073","2026-07-30 15:22:03.477073"
"cf65b920-a0e8-4ce0-a3c2-9b7d423de898","Lapangan Bola Desa Becirongengor","Fasilitas Olahraga",-7.4134635,112.6431153,"2026-07-30 15:22:03.477073","2026-07-30 15:22:03.477073"
"4959f255-5960-47cc-a0dd-3434181a8bb5","pitch","Fasilitas Olahraga",-7.46296,112.7319605,"2026-07-30 15:22:03.477073","2026-07-30 15:22:03.477073"
"4e8fd228-9386-4985-891f-ad9b333aa271","pitch","Fasilitas Olahraga",-7.4726002,112.7212819,"2026-07-30 15:22:03.477073","2026-07-30 15:22:03.477073"
"9d93fe43-0198-476a-b697-742047182aac","pitch","Fasilitas Olahraga",-7.4720992,112.7287465,"2026-07-30 15:22:03.477073","2026-07-30 15:22:03.477073"
"96e41e09-f475-4eba-a000-cc2e437acea4","pitch","Fasilitas Olahraga",-7.4647527,112.7273411,"2026-07-30 15:22:03.477073","2026-07-30 15:22:03.477073"
"022ff911-cb22-423e-9fe4-662bab33b206","pitch","Fasilitas Olahraga",-7.4300224,112.5933859,"2026-07-30 15:22:03.477073","2026-07-30 15:22:03.477073"
"34aad4b0-98d3-4204-925d-49bcd8e3d529","pitch","Fasilitas Olahraga",-7.4440331,112.6714468,"2026-07-30 15:22:03.477073","2026-07-30 15:22:03.477073"
"6bc6d3a3-072e-460e-beec-2a7a41e17ec4","pitch","Fasilitas Olahraga",-7.4401544,112.6595751,"2026-07-30 15:22:03.477073","2026-07-30 15:22:03.477073"
"38c4684d-e789-4608-a99e-728363510198","pitch","Fasilitas Olahraga",-7.397139,112.8142246,"2026-07-30 15:22:03.477073","2026-07-30 15:22:03.477073"
"08ec7454-0718-4e60-bf47-6ab49cd1970f","pitch","Fasilitas Olahraga",-7.4064866,112.7052353,"2026-07-30 15:22:03.477073","2026-07-30 15:22:03.477073"
"66391293-369d-4149-8b7b-39f139fec248","pitch","Fasilitas Olahraga",-7.4151376,112.7180348,"2026-07-30 15:22:03.477073","2026-07-30 15:22:03.477073"
"ac601329-687d-48cd-81d1-18d794bb998a","pitch","Fasilitas Olahraga",-7.4158236,112.7169258,"2026-07-30 15:22:03.477073","2026-07-30 15:22:03.477073"
"d8302ae3-5a23-421c-8713-67c46f258514","pitch","Fasilitas Olahraga",-7.4213458,112.70611,"2026-07-30 15:22:03.477073","2026-07-30 15:22:03.477073"
"f887d2d9-2ce1-49bc-9cfc-88d3e7ad104d","pitch","Fasilitas Olahraga",-7.4335738,112.7026197,"2026-07-30 15:22:03.477073","2026-07-30 15:22:03.477073"
"b26f61af-5e1f-4030-a090-6401cd102c19","pitch","Fasilitas Olahraga",-7.443694,112.6952595,"2026-07-30 15:22:03.477073","2026-07-30 15:22:03.477073"
"86d1e574-8bf7-48ed-86dd-1b6b427d9e63","pitch","Fasilitas Olahraga",-7.3775123,112.6539427,"2026-07-30 15:22:03.477073","2026-07-30 15:22:03.477073"
"3151c63a-beca-40fc-812e-717aa410a343","pitch","Fasilitas Olahraga",-7.4483496,112.7080872,"2026-07-30 15:22:03.477073","2026-07-30 15:22:03.477073"
"5389e05e-af8d-42f9-b99e-d39ec9310f12","pitch","Fasilitas Olahraga",-7.4480321,112.708189,"2026-07-30 15:22:03.477073","2026-07-30 15:22:03.477073"
"ce0334cd-e98c-4b9c-8fe5-712eb57df9ee","pitch","Fasilitas Olahraga",-7.4479532,112.7079345,"2026-07-30 15:22:03.477073","2026-07-30 15:22:03.477073"
